{"cameraMode":{"drawMode":0,"name":"Shaded","section":"Shading Mode"},"sceneLighting":false,"audioPlay":false,"sceneViewState":{"showFog":true,"showMaterialUpdate":false,"showSkybox":true,"showFlares":true,"showImageEffects":true,"showParticleSystems":true},"in2DMode":false,"pivot":{"x":6.277189254760742,"y":2.0730929374694826,"z":-2.8257699012756349},"rotation":{"x":0.006031231954693794,"y":0.9933210611343384,"z":-0.09746731072664261,"w":0.061466556042432788},"size":8.317895889282227,"orthographic":false}